<?xml version="1.0"?>
<!DOCTYPE liferay-social PUBLIC "-//Liferay//DTD Social 7.0.0//EN" "http://www.liferay.com/dtd/liferay-social_7_0_0.dtd">

<liferay-social>
	<activity>
		<model-name>com.liferay.document.library.kernel.model.DLFileEntry</model-name>
		<activity-type>${com.liferay.social.kernel.model.SocialActivityConstants.TYPE_ADD_COMMENT}</activity-type>
		<language-key>ADD_COMMENT</language-key>
		<log-activity>true</log-activity>
	</activity>
	<activity>
		<model-name>com.liferay.document.library.kernel.model.DLFileEntry</model-name>
		<activity-type>${com.liferay.social.kernel.model.SocialActivityConstants.TYPE_MOVE_TO_TRASH}</activity-type>
		<log-activity>true</log-activity>
		<counters-enabled>false</counters-enabled>
	</activity>
	<activity>
		<model-name>com.liferay.document.library.kernel.model.DLFileEntry</model-name>
		<activity-type>${com.liferay.social.kernel.model.SocialActivityConstants.TYPE_RESTORE_FROM_TRASH}</activity-type>
		<log-activity>true</log-activity>
		<counters-enabled>false</counters-enabled>
	</activity>
	<activity>
		<model-name>com.liferay.document.library.kernel.model.DLFolder</model-name>
		<activity-type>${com.liferay.social.kernel.model.SocialActivityConstants.TYPE_MOVE_TO_TRASH}</activity-type>
		<log-activity>true</log-activity>
		<counters-enabled>false</counters-enabled>
	</activity>
	<activity>
		<model-name>com.liferay.document.library.kernel.model.DLFolder</model-name>
		<activity-type>${com.liferay.social.kernel.model.SocialActivityConstants.TYPE_RESTORE_FROM_TRASH}</activity-type>
		<log-activity>true</log-activity>
		<counters-enabled>false</counters-enabled>
	</activity>
</liferay-social>