<?xml version="1.0"?>
<!DOCTYPE liferay-portlet-app PUBLIC "-//Liferay//DTD Portlet Application 7.1.0//EN" "http://www.liferay.com/dtd/liferay-portlet-app_7_1_0.dtd">

<liferay-portlet-app>
	<portlet>
		<portlet-name>90</portlet-name>
		<icon>/html/icons/default.png</icon>
		<struts-path>portal</struts-path>
		<system>true</system>
	</portlet>
	<role-mapper>
		<role-name>administrator</role-name>
		<role-link>Administrator</role-link>
	</role-mapper>
	<role-mapper>
		<role-name>guest</role-name>
		<role-link>Guest</role-link>
	</role-mapper>
	<role-mapper>
		<role-name>power-user</role-name>
		<role-link>Power User</role-link>
	</role-mapper>
	<role-mapper>
		<role-name>user</role-name>
		<role-link>User</role-link>
	</role-mapper>
	<custom-user-attribute>
		<name>user.name.random</name>
		<custom-class>com.liferay.portlet.DefaultCustomUserAttributes</custom-class>
	</custom-user-attribute>
</liferay-portlet-app>