<?xml version="1.0"?>

<portlet-app version="2.0" xmlns="http://java.sun.com/xml/ns/portlet/portlet-app_2_0.xsd" xmlns:xsi="http://www.w3.org/2001/XMLSchema-instance" xsi:schemaLocation="http://java.sun.com/xml/ns/portlet/portlet-app_2_0.xsd http://java.sun.com/xml/ns/portlet/portlet-app_2_0.xsd">
	<portlet>
		<portlet-name>90</portlet-name>
		<display-name>Portal</display-name>
		<portlet-class>com.liferay.portlet.StrutsPortlet</portlet-class>
		<init-param>
			<name>template-path</name>
			<value>/html/portal/</value>
		</init-param>
		<expiration-cache>0</expiration-cache>
		<supports>
			<mime-type>text/html</mime-type>
		</supports>
		<resource-bundle>com.liferay.portlet.StrutsResourceBundle</resource-bundle>
	</portlet>
	<custom-portlet-mode>
		<portlet-mode>edit_guest</portlet-mode>
		<portal-managed>true</portal-managed>
	</custom-portlet-mode>
	<custom-window-state>
		<window-state>exclusive</window-state>
	</custom-window-state>
	<custom-window-state>
		<window-state>pop_up</window-state>
	</custom-window-state>
	<user-attribute>
		<name>user.bdate</name>
	</user-attribute>
	<user-attribute>
		<name>user.gender</name>
	</user-attribute>
	<user-attribute>
		<name>user.employer</name>
	</user-attribute>
	<user-attribute>
		<name>user.department</name>
	</user-attribute>
	<user-attribute>
		<name>user.jobtitle</name>
	</user-attribute>
	<user-attribute>
		<name>user.name.prefix</name>
	</user-attribute>
	<user-attribute>
		<name>user.name.given</name>
	</user-attribute>
	<user-attribute>
		<name>user.name.family</name>
	</user-attribute>
	<user-attribute>
		<name>user.name.middle</name>
	</user-attribute>
	<user-attribute>
		<name>user.name.suffix</name>
	</user-attribute>
	<user-attribute>
		<name>user.name.nickName</name>
	</user-attribute>
	<user-attribute>
		<name>user.home-info.postal.name</name>
	</user-attribute>
	<user-attribute>
		<name>user.home-info.postal.street</name>
	</user-attribute>
	<user-attribute>
		<name>user.home-info.postal.city</name>
	</user-attribute>
	<user-attribute>
		<name>user.home-info.postal.stateprov</name>
	</user-attribute>
	<user-attribute>
		<name>user.home-info.postal.postalcode</name>
	</user-attribute>
	<user-attribute>
		<name>user.home-info.postal.country</name>
	</user-attribute>
	<user-attribute>
		<name>user.home-info.postal.organization</name>
	</user-attribute>
	<user-attribute>
		<name>user.home-info.telecom.telephone.intcode</name>
	</user-attribute>
	<user-attribute>
		<name>user.home-info.telecom.telephone.loccode</name>
	</user-attribute>
	<user-attribute>
		<name>user.home-info.telecom.telephone.number</name>
	</user-attribute>
	<user-attribute>
		<name>user.home-info.telecom.telephone.ext</name>
	</user-attribute>
	<user-attribute>
		<name>user.home-info.telecom.telephone.comment</name>
	</user-attribute>
	<user-attribute>
		<name>user.home-info.telecom.fax.intcode</name>
	</user-attribute>
	<user-attribute>
		<name>user.home-info.telecom.fax.loccode</name>
	</user-attribute>
	<user-attribute>
		<name>user.home-info.telecom.fax.number</name>
	</user-attribute>
	<user-attribute>
		<name>user.home-info.telecom.fax.ext</name>
	</user-attribute>
	<user-attribute>
		<name>user.home-info.telecom.fax.comment</name>
	</user-attribute>
	<user-attribute>
		<name>user.home-info.telecom.mobile.intcode</name>
	</user-attribute>
	<user-attribute>
		<name>user.home-info.telecom.mobile.loccode</name>
	</user-attribute>
	<user-attribute>
		<name>user.home-info.telecom.mobile.number</name>
	</user-attribute>
	<user-attribute>
		<name>user.home-info.telecom.mobile.ext</name>
	</user-attribute>
	<user-attribute>
		<name>user.home-info.telecom.mobile.comment</name>
	</user-attribute>
	<user-attribute>
		<name>user.home-info.telecom.pager.intcode</name>
	</user-attribute>
	<user-attribute>
		<name>user.home-info.telecom.pager.loccode</name>
	</user-attribute>
	<user-attribute>
		<name>user.home-info.telecom.pager.number</name>
	</user-attribute>
	<user-attribute>
		<name>user.home-info.telecom.pager.ext</name>
	</user-attribute>
	<user-attribute>
		<name>user.home-info.telecom.pager.comment</name>
	</user-attribute>
	<user-attribute>
		<name>user.home-info.online.email</name>
	</user-attribute>
	<user-attribute>
		<name>user.home-info.online.uri</name>
	</user-attribute>
	<user-attribute>
		<name>user.business-info.postal.name</name>
	</user-attribute>
	<user-attribute>
		<name>user.business-info.postal.street</name>
	</user-attribute>
	<user-attribute>
		<name>user.business-info.postal.city</name>
	</user-attribute>
	<user-attribute>
		<name>user.business-info.postal.stateprov</name>
	</user-attribute>
	<user-attribute>
		<name>user.business-info.postal.postalcode</name>
	</user-attribute>
	<user-attribute>
		<name>user.business-info.postal.country</name>
	</user-attribute>
	<user-attribute>
		<name>user.business-info.postal.organization</name>
	</user-attribute>
	<user-attribute>
		<name>user.business-info.telecom.telephone.intcode</name>
	</user-attribute>
	<user-attribute>
		<name>user.business-info.telecom.telephone.loccode</name>
	</user-attribute>
	<user-attribute>
		<name>user.business-info.telecom.telephone.number</name>
	</user-attribute>
	<user-attribute>
		<name>user.business-info.telecom.telephone.ext</name>
	</user-attribute>
	<user-attribute>
		<name>user.business-info.telecom.telephone.comment</name>
	</user-attribute>
	<user-attribute>
		<name>user.business-info.telecom.fax.intcode</name>
	</user-attribute>
	<user-attribute>
		<name>user.business-info.telecom.fax.loccode</name>
	</user-attribute>
	<user-attribute>
		<name>user.business-info.telecom.fax.number</name>
	</user-attribute>
	<user-attribute>
		<name>user.business-info.telecom.fax.ext</name>
	</user-attribute>
	<user-attribute>
		<name>user.business-info.telecom.fax.comment</name>
	</user-attribute>
	<user-attribute>
		<name>user.business-info.telecom.mobile.intcode</name>
	</user-attribute>
	<user-attribute>
		<name>user.business-info.telecom.mobile.loccode</name>
	</user-attribute>
	<user-attribute>
		<name>user.business-info.telecom.mobile.number</name>
	</user-attribute>
	<user-attribute>
		<name>user.business-info.telecom.mobile.ext</name>
	</user-attribute>
	<user-attribute>
		<name>user.business-info.telecom.mobile.comment</name>
	</user-attribute>
	<user-attribute>
		<name>user.business-info.telecom.pager.intcode</name>
	</user-attribute>
	<user-attribute>
		<name>user.business-info.telecom.pager.loccode</name>
	</user-attribute>
	<user-attribute>
		<name>user.business-info.telecom.pager.number</name>
	</user-attribute>
	<user-attribute>
		<name>user.business-info.telecom.pager.ext</name>
	</user-attribute>
	<user-attribute>
		<name>user.business-info.telecom.pager.comment</name>
	</user-attribute>
	<user-attribute>
		<name>user.business-info.online.email</name>
	</user-attribute>
	<user-attribute>
		<name>user.business-info.online.uri</name>
	</user-attribute>
	<public-render-parameter>
		<identifier>categoryId</identifier>
		<qname xmlns:x="http://www.liferay.com/public-render-parameters">x:categoryId</qname>
	</public-render-parameter>
	<public-render-parameter>
		<identifier>resetCur</identifier>
		<qname xmlns:w="http://www.liferay.com/public-render-parameters">w:resetCur</qname>
	</public-render-parameter>
	<public-render-parameter>
		<identifier>tag</identifier>
		<qname xmlns:x="http://www.liferay.com/public-render-parameters">x:tag</qname>
	</public-render-parameter>
	<public-render-parameter>
		<identifier>tags</identifier>
		<qname xmlns:x="http://www.liferay.com/public-render-parameters">x:tags</qname>
	</public-render-parameter>
	<container-runtime-option>
		<name>javax.portlet.escapeXml</name>
		<value>false</value>
	</container-runtime-option>
</portlet-app>