<?xml version="1.0"?>

<web-app id="Liferay_Portal" version="3.1" xmlns="http://java.sun.com/xml/ns/javaee" xmlns:xsi="http://www.w3.org/2001/XMLSchema-instance" xsi:schemaLocation="http://java.sun.com/xml/ns/javaee http://java.sun.com/xml/ns/javaee/web-app_3_1.xsd">
	<context-param>
		<param-name>contextClass</param-name>
		<param-value>com.liferay.portal.spring.context.PortalApplicationContext</param-value>
	</context-param>
	<context-param>
		<param-name>contextConfigLocation</param-name>
		<param-value></param-value>
	</context-param>
	<context-param>
		<param-name>osgi.http.endpoint</param-name>
		<param-value>/</param-value>
	</context-param>
	<listener>
		<listener-class>com.liferay.portal.spring.context.PortalContextLoaderListener</listener-class>
	</listener>
	<listener>
		<listener-class>com.liferay.portal.servlet.PortalSessionListener</listener-class>
	</listener>
	<servlet>
		<servlet-name>Slim Runtime Servlet</servlet-name>
		<servlet-class>com.liferay.slim.runtime.internal.servlet.SlimRuntimeServlet</servlet-class>
		<load-on-startup>0</load-on-startup>
		<async-supported>true</async-supported>
	</servlet>
	<servlet-mapping>
		<servlet-name>Slim Runtime Servlet</servlet-name>
		<url-pattern>/*</url-pattern>
	</servlet-mapping>
	<session-config>
		<session-timeout>15</session-timeout>
		<cookie-config>
			<http-only>true</http-only>
		</cookie-config>
	</session-config>
	<mime-mapping>
		<extension>js</extension>
		<mime-type>text/javascript</mime-type>
	</mime-mapping>
	<mime-mapping>
		<extension>png</extension>
		<mime-type>image/png</mime-type>
	</mime-mapping>
	<mime-mapping>
		<extension>xml</extension>
		<mime-type>text/xml</mime-type>
	</mime-mapping>
</web-app>