<?xml version="1.0"?>

<tag-plugins>
	<tag-plugin>
		<tag-class>com.liferay.taglib.core.ChooseTag</tag-class>
		<plugin-class>com.liferay.portal.osgi.web.jasper.plugins.taglib.ChooseTagPlugin</plugin-class>
	</tag-plugin>
	<tag-plugin>
		<tag-class>com.liferay.taglib.core.IfTag</tag-class>
		<plugin-class>com.liferay.portal.osgi.web.jasper.plugins.taglib.IfTagPlugin</plugin-class>
	</tag-plugin>
	<tag-plugin>
		<tag-class>com.liferay.taglib.core.OtherwiseTag</tag-class>
		<plugin-class>com.liferay.portal.osgi.web.jasper.plugins.taglib.OtherwiseTagPlugin</plugin-class>
	</tag-plugin>
	<tag-plugin>
		<tag-class>com.liferay.taglib.core.WhenTag</tag-class>
		<plugin-class>com.liferay.portal.osgi.web.jasper.plugins.taglib.WhenTagPlugin</plugin-class>
	</tag-plugin>
</tag-plugins>