<?xml version="1.0"?>
<!DOCTYPE urlrewrite PUBLIC "-//tuckey.org//DTD UrlRewrite 4.0//EN" "http://www.tuckey.org/res/dtds/urlrewrite4.0.dtd">

<urlrewrite>
	<rule>
		<from>^/api/webdav(.{0,2000})</from>
		<to type="redirect">%{context-path}/webdav$1</to>
	</rule>
	<rule>
		<from>^/favicon.ico$</from>
		<to type="redirect">/o/favicon/</to>
	</rule>
	<rule>
		<from>^/(.{1,1000}/)?blog/blogs/rss(.{0,1000})</from>
		<to type="permanent-redirect">%{context-path}/html/common/referer_jsp.jsp?referer=${escape:/$1blog/-/blogs/rss$2}</to>
	</rule>
	<rule>
		<from>^/(.{1,1000}/)?-/blogs/rss\?&amp;(.{0,1000})</from>
		<to type="permanent-redirect">%{context-path}/html/common/referer_jsp.jsp?referer=${escape:/$1-/blogs/rss\?$2}</to>
	</rule>
	<rule>
		<from>^/(.{1,1000}/)?tunnel-web(.{0,1000})</from>
		<to type="permanent-redirect">%{context-path}/html/common/referer_jsp.jsp?referer=${escape:/$1api$2}</to>
	</rule>
	<rule>
		<from>^/web/guest/community/forums/message_boards(.{0,2000})$</from>
		<to type="permanent-redirect">%{context-path}/web/guest/community/forums/-/message_boards$1</to>
	</rule>
</urlrewrite>