<?xml version="1.0"?>

<weblogic-web-app
	xmlns="http://xmlns.oracle.com/weblogic/weblogic-web-app"
	xmlns:xsi="http://www.w3.org/2001/XMLSchema-instance"
	xsi:schemaLocation="http://java.sun.com/xml/ns/javaee http://java.sun.com/xml/ns/javaee/ejb-jar_3_0.xsd http://xmlns.oracle.com/weblogic/weblogic-web-app http://xmlns.oracle.com/weblogic/weblogic-web-app/1.2/weblogic-web-app.xsd"
>
	<security-role-assignment>
		<role-name>users</role-name>
		<principal-name>users</principal-name>
	</security-role-assignment>
	<jsp-descriptor>
		<keepgenerated>true</keepgenerated>
		<page-check-seconds>60</page-check-seconds>
		<precompile>true</precompile>
		<precompile-continue>true</precompile-continue>
	</jsp-descriptor>
	<container-descriptor>
		<prefer-application-packages>
			<package-name>antlr.*</package-name>
			<package-name>com.ctc.wstx.*</package-name>
			<package-name>com.google.common.*</package-name>
			<package-name>com.sun.xml.ws.*</package-name>
			<package-name>javax.validation.*</package-name>
			<package-name>org.antlr.*</package-name>
			<package-name>org.apache.commons.fileupload.*</package-name>
			<package-name>org.apache.commons.io.*</package-name>
			<package-name>org.apache.commons.lang.*</package-name>
			<package-name>org.mozilla.*</package-name>
			<package-name>org.objectweb.asm.*</package-name>
			<package-name>org.xmlpull.*</package-name>
		</prefer-application-packages>
		<prefer-application-resources>
			<resource-name>META-INF/services/com.sun.xml.ws.*</resource-name>
			<resource-name>META-INF/services/javax.servlet.ServletContainerInitializer</resource-name>
			<resource-name>META-INF/services/javax.xml.ws.spi.Provider</resource-name>
		</prefer-application-resources>
		<optimistic-serialization>true</optimistic-serialization>
		<show-archived-real-path-enabled>true</show-archived-real-path-enabled>
	</container-descriptor>
	<context-root>/</context-root>
</weblogic-web-app>